co,no,no2,o3,so2,pm2_5,pm10,nh3,timestamp
1255.04,4.02,40.44,145.91,71.53,127.43,157.97,12.92,2024-12-03 09:00:00
1134.87,2.49,37.01,147.34,59.6,116.15,144.48,14.06,2024-12-03 10:00:00
1281.74,1.47,47.98,128.75,59.6,121.57,151.19,16.97,2024-12-03 11:00:00
1495.36,0.16,62.38,103.0,60.08,129.03,160.85,19.76,2024-12-03 12:00:00
1762.39,0.0,71.97,81.54,62.94,146.06,182.08,23.81,2024-12-03 13:00:00
2002.72,0.0,74.71,68.66,62.94,162.13,204.08,28.63,2024-12-03 14:00:00
2002.72,0.0,67.86,61.51,57.22,162.05,206.81,30.91,2024-12-03 15:00:00
1869.2,0.0,59.63,57.94,52.45,151.39,195.11,30.15,2024-12-03 16:00:00
1735.69,0.0,54.84,55.79,48.16,139.87,181.4,27.11,2024-12-03 17:00:00
1522.06,0.0,49.35,55.07,41.48,124.05,160.92,21.53,2024-12-03 18:00:00
1255.04,0.0,41.13,57.22,34.33,105.74,135.39,15.96,2024-12-03 19:00:00
1108.17,0.0,34.96,59.37,31.95,99.12,124.8,14.31,2024-12-03 20:00:00
1054.76,0.0,31.19,60.8,31.47,99.0,122.35,13.68,2024-12-03 21:00:00
1041.41,0.0,28.79,63.66,31.47,101.97,123.92,13.05,2024-12-03 22:00:00
1054.76,0.0,27.76,65.8,32.42,106.93,127.94,12.03,2024-12-03 23:00:00
1094.82,0.0,29.47,64.37,35.29,113.32,134.33,10.89,2024-12-04 00:00:00
1241.68,0.0,36.67,57.94,41.01,123.26,146.7,11.65,2024-12-04 01:00:00
1535.42,0.04,52.09,42.92,48.64,138.69,168.76,15.33,2024-12-04 02:00:00
1735.69,3.3,61.01,33.62,52.93,144.03,178.76,17.73,2024-12-04 03:00:00
1708.98,9.83,52.09,45.06,57.22,139.41,174.72,18.24,2024-12-04 04:00:00
1588.82,10.51,45.93,63.66,64.85,135.76,170.84,18.24,2024-12-04 05:00:00
1415.25,8.27,41.13,88.69,69.62,130.05,163.38,16.97,2024-12-04 06:00:00
934.6,3.74,24.33,123.02,45.78,87.49,113.49,10.51,2024-12-04 07:00:00
787.73,2.43,18.68,138.76,36.24,73.9,96.88,9.5,2024-12-04 08:00:00
747.68,1.98,18.16,141.62,34.33,68.22,90.38,10.13,2024-12-04 09:00:00
741.0,1.75,21.08,135.9,34.81,60.3,82.23,11.02,2024-12-04 10:00:00
807.76,1.31,30.5,118.73,38.62,56.95,79.7,12.29,2024-12-04 11:00:00
881.2,0.2,40.44,95.84,40.05,51.98,75.56,13.55,2024-12-04 12:00:00
1081.47,0.0,52.78,72.24,46.25,56.27,83.69,17.48,2024-12-04 13:00:00
1321.79,0.0,60.32,58.65,51.98,70.04,103.98,22.8,2024-12-04 14:00:00
1415.25,0.0,57.58,59.37,52.45,83.07,121.08,25.59,2024-12-04 15:00:00
1482.01,0.0,55.52,62.23,52.93,94.72,135.29,27.36,2024-12-04 16:00:00
1588.82,0.0,56.89,58.65,52.93,105.08,148.56,28.88,2024-12-04 17:00:00
1548.77,0.0,55.52,55.07,48.16,103.85,145.34,26.6,2024-12-04 18:00:00
1321.79,0.0,49.35,55.79,40.53,91.21,126.65,21.79,2024-12-04 19:00:00
1148.22,0.0,42.5,56.51,38.15,84.28,116.23,18.75,2024-12-04 20:00:00
1068.12,0.0,38.73,55.07,37.67,83.19,113.74,16.72,2024-12-04 21:00:00
1054.76,0.0,37.36,50.78,37.19,85.34,115.43,14.95,2024-12-04 22:00:00
1054.76,0.0,37.7,44.35,37.19,88.52,118.14,13.55,2024-12-04 23:00:00
1121.52,0.02,40.78,36.12,38.62,94.52,124.49,13.05,2024-12-05 00:00:00
1335.14,0.3,51.41,23.25,43.87,108.38,141.95,15.58,2024-12-05 01:00:00
1815.8,5.42,68.55,5.23,53.41,133.58,176.11,22.04,2024-12-05 02:00:00
2243.04,24.59,68.55,6.53,59.6,150.78,200.06,26.6,2024-12-05 03:00:00
2349.85,36.21,63.06,18.24,64.85,151.88,203.84,28.88,2024-12-05 04:00:00
2269.74,33.53,63.06,32.54,72.48,148.46,200.19,29.64,2024-12-05 05:00:00
2056.12,25.03,65.12,53.64,79.15,141.69,190.86,27.61,2024-12-05 06:00:00
988.01,6.76,33.24,107.29,49.11,69.56,98.93,12.16,2024-12-05 07:00:00
787.73,4.14,25.02,124.45,39.58,54.99,79.69,9.75,2024-12-05 08:00:00
761.03,3.21,23.99,133.04,38.62,54.84,78.61,9.75,2024-12-05 09:00:00
921.25,3.21,33.59,130.18,48.16,69.88,95.98,12.79,2024-12-05 10:00:00
1134.87,2.46,50.04,113.01,56.27,80.81,109.23,16.09,2024-12-05 11:00:00
1321.79,0.39,65.8,87.26,58.65,79.11,108.7,17.99,2024-12-05 12:00:00
1682.28,0.0,85.0,58.65,64.85,90.66,125.61,22.8,2024-12-05 13:00:00
2162.93,0.01,97.33,38.62,69.62,115.16,159.88,29.89,2024-12-05 14:00:00
2349.85,0.01,93.22,35.76,68.66,131.55,182.79,33.44,2024-12-05 15:00:00
2376.56,0.0,86.37,39.34,65.8,140.28,194.09,34.45,2024-12-05 16:00:00
2456.67,0.0,83.63,39.34,62.94,149.97,206.92,34.96,2024-12-05 17:00:00
2349.85,0.0,79.51,38.98,54.84,144.23,198.97,31.16,2024-12-05 18:00:00
2002.72,0.0,69.23,41.48,42.44,123.03,169.74,24.57,2024-12-05 19:00:00
1762.39,0.0,61.01,42.2,36.72,112.84,154.66,22.55,2024-12-05 20:00:00
1642.23,0.0,56.89,37.91,34.81,111.79,151.75,22.8,2024-12-05 21:00:00
1628.88,0.02,56.21,29.33,32.9,114.49,154.33,23.31,2024-12-05 22:00:00
1628.88,0.18,58.26,18.6,31.95,116.61,156.22,23.31,2024-12-05 23:00:00
1668.93,1.82,61.69,6.53,31.47,118.2,158.74,22.29,2024-12-06 00:00:00
1922.61,12.96,62.38,0.35,34.81,129.11,174.78,24.32,2024-12-06 01:00:00
2590.18,41.57,59.63,0.01,43.39,161.81,220.98,31.66,2024-12-06 02:00:00
3284.45,76.0,58.26,1.48,50.54,194.11,266.56,36.98,2024-12-06 03:00:00
3685.0,93.88,61.01,6.08,57.22,213.37,293.73,39.52,2024-12-06 04:00:00
3845.21,86.72,76.09,13.95,68.66,228.93,313.02,40.53,2024-12-06 05:00:00
3524.78,56.77,94.59,32.54,81.06,229.45,307.26,36.98,2024-12-06 06:00:00
1068.12,6.93,36.33,107.29,49.59,86.65,132.72,11.27,2024-12-06 07:00:00
727.65,3.21,21.59,125.89,36.24,66.55,108.78,7.92,2024-12-06 08:00:00
667.57,2.37,19.54,133.04,34.81,62.17,103.36,7.79,2024-12-06 09:00:00
807.76,2.79,30.85,123.02,46.73,69.47,112.29,10.51,2024-12-06 10:00:00
1094.82,2.54,52.09,100.14,59.6,83.33,129.29,14.31,2024-12-06 11:00:00
1375.2,0.4,72.66,71.53,64.85,93.54,142.76,17.23,2024-12-06 12:00:00
1842.5,0.01,94.59,43.99,71.53,116.67,172.64,23.31,2024-12-06 13:00:00
2483.37,0.27,115.16,21.1,78.2,155.43,223.74,32.42,2024-12-06 14:00:00
2883.91,0.7,117.9,13.59,77.25,186.91,264.99,38.5,2024-12-06 15:00:00
3231.05,2.1,119.27,8.05,77.25,219.66,305.42,43.57,2024-12-06 16:00:00
3738.4,8.38,120.64,1.39,77.25,256.98,352.28,48.13,2024-12-06 17:00:00
3738.4,12.29,116.53,0.45,69.62,258.76,352.89,43.57,2024-12-06 18:00:00
3257.75,7.93,109.67,1.11,54.36,226.31,308.56,31.92,2024-12-06 19:00:00
2857.21,2.74,98.71,3.44,42.92,205.89,279.98,25.33,2024-12-06 20:00:00
2670.29,1.62,91.85,4.74,38.15,201.3,270.28,23.05,2024-12-06 21:00:00
2563.48,1.96,85.68,3.89,35.29,201.93,267.87,22.04,2024-12-06 22:00:00
2590.18,4.08,82.94,1.61,33.38,209.45,272.71,21.53,2024-12-06 23:00:00
2750.4,9.95,82.94,0.21,31.47,226.27,287.9,21.03,2024-12-07 00:00:00
3124.24,24.14,82.94,0.01,32.9,254.64,319.17,24.83,2024-12-07 01:00:00
4005.43,58.11,82.25,0.01,42.44,306.68,383.44,35.46,2024-12-07 02:00:00
4806.52,97.45,80.88,1.41,50.07,346.13,434.19,41.54,2024-12-07 03:00:00
5020.14,108.18,85.0,6.97,58.65,353.08,442.53,42.56,2024-12-07 04:00:00
5287.17,95.67,115.16,18.42,74.39,378.28,470.3,44.08,2024-12-07 05:00:00
5714.42,66.16,168.62,47.21,95.37,438.75,534.03,43.57,2024-12-07 06:00:00
1535.42,9.83,63.75,121.59,84.88,139.95,183.08,12.03,2024-12-07 07:00:00
1041.41,5.2,42.5,140.19,67.71,102.64,140.77,7.92,2024-12-07 08:00:00
1001.36,3.91,42.16,147.34,69.62,103.55,142.27,7.79,2024-12-07 09:00:00
1762.39,6.59,83.63,110.15,87.74,141.97,192.09,17.23,2024-12-07 10:00:00
3177.64,14.19,156.28,37.91,110.63,210.73,280.41,29.13,2024-12-07 11:00:00
4592.9,46.49,194.67,1.4,123.98,274.29,362.83,40.02,2024-12-07 12:00:00
5981.45,88.51,208.38,0.0,139.24,342.41,451.67,55.22,2024-12-07 13:00:00
6942.75,107.29,213.86,0.0,143.05,406.65,534.53,63.33,2024-12-07 14:00:00
7156.37,101.03,211.12,0.0,127.79,431.53,563.83,65.86,2024-12-07 15:00:00
5821.23,63.48,189.19,0.0,94.41,369.96,483.52,58.77,2024-12-07 16:00:00
4486.08,35.76,156.28,0.0,69.62,312.89,407.59,52.18,2024-12-07 17:00:00
3417.97,17.21,131.61,0.2,54.84,274.23,350.29,44.08,2024-12-07 18:00:00
2536.77,1.98,109.67,8.14,43.87,240.31,297.86,34.96,2024-12-07 19:00:00
2029.42,0.01,77.46,33.26,36.72,225.15,270.36,29.13,2024-12-07 20:00:00
1668.93,0.0,51.41,57.94,32.42,215.62,251.39,23.05,2024-12-07 21:00:00
1415.25,0.0,36.33,78.68,31.95,205.4,234.65,17.73,2024-12-07 22:00:00
1268.39,0.0,29.13,90.12,30.99,196.17,221.81,14.95,2024-12-07 23:00:00
1214.98,0.0,27.08,94.41,30.52,190.04,213.94,14.06,2024-12-08 00:00:00
1295.09,0.0,31.19,90.12,31.95,193.31,218.36,15.45,2024-12-08 01:00:00
1602.17,0.01,45.93,75.1,38.62,211.82,242.11,19.25,2024-12-08 02:00:00
1895.9,1.2,62.38,61.51,45.78,231.12,265.6,21.53,2024-12-08 03:00:00
1949.31,5.53,61.01,66.52,49.59,234.53,269.71,21.53,2024-12-08 04:00:00
1842.5,7.82,52.78,81.54,52.45,228.02,261.8,20.77,2024-12-08 05:00:00
1588.82,6.98,45.24,103.0,55.79,209.34,239.86,18.49,2024-12-08 06:00:00
894.55,3.1,27.76,135.9,58.65,135.64,167.11,8.74,2024-12-08 07:00:00
734.33,2.15,23.31,141.62,62.94,122.64,156.69,6.46,2024-12-08 08:00:00
694.27,1.52,22.96,143.05,66.76,125.07,159.71,6.02,2024-12-08 09:00:00
754.36,1.02,28.79,135.9,65.8,126.78,160.25,7.54,2024-12-08 10:00:00
947.95,0.47,41.13,117.3,61.04,130.0,162.53,10.77,2024-12-08 11:00:00
1161.58,0.04,52.09,95.84,55.31,132.19,164.95,13.68,2024-12-08 12:00:00
1348.5,0.0,60.32,80.82,54.36,136.62,170.9,16.72,2024-12-08 13:00:00
1401.9,0.0,58.95,76.53,53.88,138.79,173.07,18.49,2024-12-08 14:00:00
1335.14,0.0,53.47,77.25,50.07,134.31,165.56,19.0,2024-12-08 15:00:00
1228.33,0.0,47.3,78.68,43.87,129.54,157.87,18.75,2024-12-08 16:00:00
1241.68,0.0,44.55,77.25,40.53,132.32,160.3,18.49,2024-12-08 17:00:00
1214.98,0.0,42.16,77.96,36.24,131.16,158.31,14.44,2024-12-08 18:00:00
1094.82,0.0,38.39,80.82,32.42,122.9,147.38,8.74,2024-12-08 19:00:00
1001.36,0.0,34.96,84.4,31.47,116.33,138.83,6.46,2024-12-08 20:00:00
907.9,0.0,30.16,89.41,28.85,106.47,126.29,5.07,2024-12-08 21:00:00
881.2,0.0,28.45,90.12,26.7,100.21,118.4,4.31,2024-12-08 22:00:00
947.95,0.0,31.53,82.25,26.46,105.36,124.07,4.02,2024-12-08 23:00:00
1068.12,0.0,38.04,67.23,27.18,119.21,140.54,4.31,2024-12-09 00:00:00
1375.2,0.06,53.47,40.77,30.28,141.35,170.71,6.33,2024-12-09 01:00:00
2136.23,7.49,82.25,6.97,41.48,185.42,231.77,11.02,2024-12-09 02:00:00
3231.05,45.15,89.11,1.61,56.27,245.14,310.82,17.23,2024-12-09 03:00:00
4325.87,78.68,95.96,6.62,71.53,307.21,389.19,25.08,2024-12-09 04:00:00
4913.33,85.83,113.79,14.66,87.74,354.27,445.21,34.96,2024-12-09 05:00:00
4806.52,69.74,139.83,28.61,116.35,373.55,460.65,38.0,2024-12-09 06:00:00
1668.93,19.0,82.25,69.38,125.89,173.95,224.72,13.3,2024-12-09 07:00:00
1161.58,9.72,62.38,87.98,99.18,127.42,170.97,9.12,2024-12-09 08:00:00
1121.52,7.93,65.8,89.41,102.04,122.05,163.04,9.12,2024-12-09 09:00:00
1508.71,8.49,94.59,70.81,129.7,148.68,195.26,14.31,2024-12-09 10:00:00
2216.34,8.05,139.83,35.05,156.4,201.98,261.83,22.04,2024-12-09 11:00:00
2750.4,8.38,167.25,5.45,154.5,238.85,308.95,26.6,2024-12-09 12:00:00
3097.53,17.88,153.54,0.13,131.61,255.21,332.06,30.91,2024-12-09 13:00:00
3337.86,22.13,134.35,0.04,103.0,270.43,355.07,35.97,2024-12-09 14:00:00
3391.27,19.22,120.64,0.07,81.06,277.84,366.91,38.0,2024-12-09 15:00:00
3337.86,16.09,112.41,0.12,73.43,276.05,363.85,36.48,2024-12-09 16:00:00
3204.35,16.09,105.56,0.1,71.53,267.95,352.71,32.93,2024-12-09 17:00:00
2830.51,13.41,98.71,0.2,59.13,235.38,310.3,23.81,2024-12-09 18:00:00
2243.04,5.81,89.11,1.7,42.92,185.6,244.17,14.57,2024-12-09 19:00:00
1869.2,1.05,76.09,8.76,34.81,154.62,199.66,10.77,2024-12-09 20:00:00
1655.58,0.17,63.75,18.06,31.95,139.78,175.53,8.87,2024-12-09 21:00:00
1522.06,0.06,54.84,25.03,29.8,132.22,162.0,7.41,2024-12-09 22:00:00
1415.25,0.03,48.67,30.04,28.85,127.09,152.71,6.46,2024-12-09 23:00:00
1375.2,0.03,47.98,31.83,29.56,127.11,150.37,6.08,2024-12-10 00:00:00
1508.71,0.19,54.84,26.11,34.33,136.83,162.01,7.92,2024-12-10 01:00:00
1949.31,3.02,73.34,9.12,43.39,162.83,196.3,12.29,2024-12-10 02:00:00
2216.34,13.86,74.03,8.49,50.07,173.08,210.08,14.57,2024-12-10 03:00:00
2056.12,18.78,61.69,28.61,56.74,160.99,195.14,16.47,2024-12-10 04:00:00
1895.9,18.55,54.84,46.49,63.9,154.8,187.69,19.76,2024-12-10 05:00:00
1602.17,13.75,50.04,71.53,67.71,137.05,165.57,18.24,2024-12-10 06:00:00
841.14,4.41,24.68,117.3,36.72,68.28,83.33,8.61,2024-12-10 07:00:00
674.25,2.82,17.82,127.32,27.66,49.53,60.48,7.22,2024-12-10 08:00:00
654.22,2.46,17.65,127.32,27.42,45.95,56.11,7.79,2024-12-10 09:00:00
781.06,2.96,27.08,115.87,38.62,51.56,63.91,10.64,2024-12-10 10:00:00
1001.36,2.51,42.5,95.84,48.64,61.95,78.08,14.31,2024-12-10 11:00:00
1228.33,0.41,58.95,71.53,51.98,69.77,89.12,17.48,2024-12-10 12:00:00
1642.23,0.01,78.83,45.78,57.22,90.99,117.83,23.81,2024-12-10 13:00:00
2162.93,0.19,94.59,24.32,61.99,124.36,163.07,32.42,2024-12-10 14:00:00
2403.26,0.5,94.59,16.27,59.6,148.02,194.18,38.5,2024-12-10 15:00:00
2456.67,0.56,89.11,15.02,55.31,158.48,206.59,40.02,2024-12-10 16:00:00
2403.26,0.38,82.94,17.17,51.5,160.79,208.09,40.02,2024-12-10 17:00:00
2162.93,0.13,74.03,23.96,43.87,148.73,190.03,35.46,2024-12-10 18:00:00
1735.69,0.02,59.63,35.41,34.33,124.49,155.54,28.37,2024-12-10 19:00:00
1455.31,0.0,47.98,45.42,30.99,111.26,135.8,25.08,2024-12-10 20:00:00
1321.79,0.0,41.81,51.5,30.52,108.3,129.78,23.81,2024-12-10 21:00:00
1268.39,0.0,38.39,55.07,30.99,107.81,127.86,23.56,2024-12-10 22:00:00
1228.33,0.0,36.67,58.65,31.95,108.55,127.26,23.31,2024-12-10 23:00:00
1241.68,0.0,38.04,59.37,35.76,112.75,131.32,23.31,2024-12-11 00:00:00
1415.25,0.01,47.3,52.21,43.87,127.76,149.5,25.59,2024-12-11 01:00:00
1842.5,0.22,69.23,31.83,54.36,156.9,187.14,31.41,2024-12-11 02:00:00
2136.23,6.15,79.51,22.35,61.99,175.8,211.11,33.94,2024-12-11 03:00:00
2162.93,16.76,68.55,37.19,68.66,179.42,215.86,33.44,2024-12-11 04:00:00
2136.23,19.22,63.06,53.64,79.15,184.34,221.89,32.17,2024-12-11 05:00:00
1949.31,15.2,58.95,78.68,85.83,178.17,213.15,27.87,2024-12-11 06:00:00
1308.44,6.98,38.39,118.73,66.76,127.12,150.7,16.72,2024-12-11 07:00:00
1108.17,4.75,31.53,135.9,57.7,114.57,134.65,13.55,2024-12-11 08:00:00
1054.76,3.8,31.19,144.48,56.74,112.84,131.99,13.3,2024-12-11 09:00:00
1201.63,3.69,40.78,137.33,61.99,119.7,140.6,15.71,2024-12-11 10:00:00
1522.06,3.02,62.38,111.58,67.71,133.01,157.98,19.76,2024-12-11 11:00:00
1842.5,0.52,86.37,75.1,68.66,142.44,171.37,23.05,2024-12-11 12:00:00
2243.04,0.01,104.19,47.21,71.53,162.82,198.74,28.63,2024-12-11 13:00:00
2696.99,0.06,113.79,30.76,71.53,195.53,243.14,35.97,2024-12-11 14:00:00
2964.02,0.15,112.41,23.6,65.8,221.53,278.98,41.04,2024-12-11 15:00:00
3097.53,0.38,108.3,17.88,61.04,238.82,302.5,44.08,2024-12-11 16:00:00
3231.05,1.31,108.3,9.83,57.22,254.28,322.79,44.58,2024-12-11 17:00:00
3097.53,2.12,101.45,6.44,47.68,244.65,309.61,38.0,2024-12-11 18:00:00
2616.88,1.09,89.11,9.3,36.24,211.82,264.03,27.36,2024-12-11 19:00:00
2296.45,0.39,76.77,14.13,31.47,193.42,237.13,22.04,2024-12-11 20:00:00
2109.53,0.22,69.23,16.81,30.04,187.99,227.92,18.49,2024-12-11 21:00:00
2002.72,0.2,63.75,17.7,29.33,187.15,224.63,14.95,2024-12-11 22:00:00
1922.61,0.21,60.32,18.06,28.85,187.14,222.65,12.41,2024-12-11 23:00:00
1949.31,0.47,61.01,15.02,29.8,192.83,227.35,11.02,2024-12-12 00:00:00
2189.64,3.49,69.23,6.88,35.29,212.46,251.06,13.68,2024-12-12 01:00:00
2857.21,19.67,78.14,0.32,46.25,254.4,305.1,22.55,2024-12-12 02:00:00
3417.97,38.89,80.88,2.91,55.31,282.53,342.72,29.13,2024-12-12 03:00:00
3471.37,39.34,85.68,17.17,67.71,287.45,350.2,31.16,2024-12-12 04:00:00
3337.86,31.29,87.74,40.77,82.97,290.22,354.83,31.66,2024-12-12 05:00:00
2910.61,20.12,83.63,77.25,98.23,280.06,341.3,28.37,2024-12-12 06:00:00
1548.77,6.2,43.87,137.33,76.29,177.05,219.43,13.05,2024-12-12 07:00:00
1228.33,3.69,31.19,154.5,61.04,147.8,183.66,10.77,2024-12-12 08:00:00
1121.52,2.77,28.79,158.79,56.27,135.93,168.06,10.89,2024-12-12 09:00:00
1188.28,2.49,36.33,150.2,59.6,135.64,167.31,12.79,2024-12-12 10:00:00
1441.96,1.77,55.52,123.02,67.71,145.63,179.86,16.47,2024-12-12 11:00:00
1682.28,0.22,73.34,91.55,67.71,151.93,187.91,19.51,2024-12-12 12:00:00
1922.61,0.0,82.94,70.81,67.71,164.05,203.86,23.56,2024-12-12 13:00:00
2109.53,0.0,82.94,62.23,65.8,180.66,225.83,28.37,2024-12-12 14:00:00
2162.93,0.0,75.4,62.23,59.6,187.7,235.32,30.91,2024-12-12 15:00:00
2029.42,0.0,64.43,67.95,54.84,183.19,228.95,30.4,2024-12-12 16:00:00
1842.5,0.0,54.15,77.25,51.02,173.65,216.02,27.36,2024-12-12 17:00:00
1562.12,0.0,43.87,88.69,45.78,159.55,196.58,22.04,2024-12-12 18:00:00
1268.39,0.0,33.93,94.41,40.05,144.52,175.02,17.48,2024-12-12 19:00:00
1148.22,0.0,29.13,94.41,37.67,140.53,167.89,16.47,2024-12-12 20:00:00
1134.87,0.0,26.73,94.41,37.67,144.42,171.9,15.33,2024-12-12 21:00:00
1134.87,0.0,25.7,94.41,38.15,150.2,178.95,14.19,2024-12-12 22:00:00
1174.93,0.0,26.73,90.84,38.62,155.66,185.35,13.43,2024-12-12 23:00:00
1228.33,0.0,29.82,82.97,39.58,161.02,191.3,13.55,2024-12-13 00:00:00
1375.2,0.0,37.7,72.24,42.92,170.35,202.48,16.09,2024-12-13 01:00:00
1655.58,0.01,52.09,57.22,47.68,184.47,221.37,20.77,2024-12-13 02:00:00
1789.09,1.93,60.32,52.21,49.59,183.8,222.45,23.05,2024-12-13 03:00:00
1642.23,6.65,50.72,68.66,51.98,163.6,199.81,22.29,2024-12-13 04:00:00
1495.36,7.93,42.16,86.55,55.31,148.01,181.9,21.28,2024-12-13 05:00:00
1295.09,6.71,35.3,107.29,53.41,131.46,161.5,18.49,2024-12-13 06:00:00
988.01,3.97,23.99,130.18,38.62,105.15,129.14,12.92,2024-12-13 07:00:00
974.66,2.91,21.42,147.34,34.81,110.44,133.27,12.54,2024-12-13 08:00:00
1001.36,2.4,22.28,157.36,35.76,114.64,137.46,13.05,2024-12-13 09:00:00
961.3,1.82,22.96,151.63,33.86,107.6,128.91,13.17,2024-12-13 10:00:00
1014.71,1.2,30.16,137.33,35.76,109.04,130.35,14.19,2024-12-13 11:00:00
1081.47,0.21,37.7,118.73,36.72,107.83,129.61,15.07,2024-12-13 12:00:00
1161.58,0.0,40.44,108.72,38.15,108.97,131.91,16.47,2024-12-13 13:00:00
1188.28,0.0,37.36,111.58,38.15,113.75,137.86,17.73,2024-12-13 14:00:00
1148.22,0.0,32.9,115.87,38.62,115.37,139.13,17.99,2024-12-13 15:00:00
1108.17,0.0,31.19,115.87,41.48,115.01,137.26,17.99,2024-12-13 16:00:00
1108.17,0.0,31.19,111.58,44.35,117.21,138.87,17.99,2024-12-13 17:00:00
1041.41,0.0,29.82,108.72,42.92,111.18,131.09,16.72,2024-12-13 18:00:00
907.9,0.0,25.36,105.86,37.67,98.75,115.87,15.07,2024-12-13 19:00:00
827.79,0.0,20.73,104.43,31.95,89.38,104.93,14.31,2024-12-13 20:00:00
794.41,0.0,19.36,101.57,30.28,83.55,98.58,14.57,2024-12-13 21:00:00
794.41,0.0,19.36,95.84,28.85,81.38,96.17,15.71,2024-12-13 22:00:00
814.44,0.0,20.39,89.41,28.37,81.41,96.26,17.23,2024-12-13 23:00:00
854.49,0.0,22.28,82.97,29.56,83.24,98.61,18.49,2024-12-14 00:00:00
961.3,0.0,27.76,75.1,32.9,89.92,107.62,20.27,2024-12-14 01:00:00
1188.28,0.01,38.39,60.8,36.72,102.55,124.79,23.81,2024-12-14 02:00:00
1348.5,1.93,45.93,49.35,38.15,110.93,136.31,25.84,2024-12-14 03:00:00
1388.55,7.49,41.13,53.64,40.05,112.72,139.97,25.59,2024-12-14 04:00:00
1361.85,9.5,36.67,65.8,46.25,114.43,142.38,24.57,2024-12-14 05:00:00
1295.09,8.61,35.3,84.4,53.41,115.09,142.56,22.29,2024-12-14 06:00:00
1121.52,5.87,29.47,110.15,50.54,103.78,127.89,16.97,2024-12-14 07:00:00
1001.36,4.25,26.05,127.32,46.73,97.43,119.09,14.57,2024-12-14 08:00:00
934.6,3.27,25.36,138.76,45.3,94.4,114.9,13.81,2024-12-14 09:00:00
961.3,2.71,28.79,137.33,47.21,95.11,115.49,14.57,2024-12-14 10:00:00
1054.76,1.84,37.7,124.45,48.64,96.2,117.74,16.09,2024-12-14 11:00:00
1134.87,0.29,46.61,104.43,46.25,92.04,113.93,16.97,2024-12-14 12:00:00
1308.44,0.0,54.84,85.83,47.21,97.52,122.32,19.76,2024-12-14 13:00:00
1508.71,0.0,58.95,74.39,48.64,112.42,142.69,24.07,2024-12-14 14:00:00
1588.82,0.0,55.52,72.24,46.25,124.68,159.27,26.85,2024-12-14 15:00:00
1655.58,0.0,53.47,68.66,43.87,136.2,174.04,28.63,2024-12-14 16:00:00
1762.39,0.0,54.84,60.8,41.48,149.43,190.77,30.4,2024-12-14 17:00:00
1708.98,0.0,53.47,55.07,35.29,150.38,191.14,27.61,2024-12-14 18:00:00
1495.36,0.0,46.61,54.36,27.66,138.02,173.53,21.53,2024-12-14 19:00:00
1308.44,0.0,39.41,54.36,24.8,130.66,162.22,17.99,2024-12-14 20:00:00
1228.33,0.0,35.99,52.93,24.8,129.33,158.91,16.21,2024-12-14 21:00:00
1201.63,0.0,34.96,49.35,25.27,130.64,158.82,15.07,2024-12-14 22:00:00
1188.28,0.0,35.3,44.7,25.99,131.91,159.04,14.31,2024-12-14 23:00:00
1214.98,0.01,38.04,38.62,27.66,134.2,161.34,14.31,2024-12-15 00:00:00
1428.6,0.3,47.98,24.68,30.28,147.75,178.73,16.47,2024-12-15 01:00:00
2056.12,8.61,65.8,3.26,36.24,185.53,227.92,23.05,2024-12-15 02:00:00
2803.8,37.55,65.12,2.44,42.44,225.49,280.56,28.88,2024-12-15 03:00:00
3417.97,62.58,65.8,9.03,51.02,261.31,326.63,33.94,2024-12-15 04:00:00
3898.62,67.06,81.57,18.95,65.8,297.65,371.12,37.49,2024-12-15 05:00:00
4165.65,52.3,109.67,40.77,84.88,334.94,412.95,38.0,2024-12-15 06:00:00
2136.23,13.86,74.03,110.15,105.86,202.48,248.83,20.52,2024-12-15 07:00:00
1789.09,7.49,60.32,153.06,101.09,187.05,226.64,16.47,2024-12-15 08:00:00
1708.98,5.2,58.95,174.52,103.95,191.43,229.97,15.33,2024-12-15 09:00:00
2189.64,5.25,82.25,160.22,112.53,226.04,272.39,20.01,2024-12-15 10:00:00
3044.13,4.64,128.87,108.72,114.44,277.87,337.26,26.85,2024-12-15 11:00:00
3952.03,1.49,186.44,36.84,111.58,320.75,392.7,32.93,2024-12-15 12:00:00
5126.95,19.22,211.12,0.87,111.58,382.59,474.45,43.06,2024-12-15 13:00:00
6408.69,50.07,205.64,0.0,110.63,469.35,589.38,56.24,2024-12-15 14:00:00
7370.0,67.95,197.41,0.0,106.81,548.34,695.15,66.88,2024-12-15 15:00:00
8010.86,79.57,191.93,0.0,99.18,613.4,784.31,72.96,2024-12-15 16:00:00
8438.11,86.72,183.7,0.0,91.55,662.31,848.0,77.01,2024-12-15 17:00:00
8117.68,84.04,174.11,0.0,80.11,650.04,835.62,72.96,2024-12-15 18:00:00
7156.37,70.63,163.14,0.0,63.9,589.29,761.72,55.73,2024-12-15 19:00:00
6462.1,59.01,153.54,0.0,57.7,551.5,710.65,41.04,2024-12-15 20:00:00
5767.82,48.73,141.2,0.0,52.45,519.98,663.77,30.15,2024-12-15 21:00:00
5020.14,38.44,127.49,0.0,47.21,490.81,620.74,23.31,2024-12-15 22:00:00
4592.9,33.08,117.9,0.0,40.05,473.71,591.88,15.96,2024-12-15 23:00:00
4539.49,35.76,113.79,0.0,35.29,475.72,585.97,10.89,2024-12-16 00:00:00
4966.74,52.75,109.67,0.0,37.67,509.85,615.8,11.02,2024-12-16 01:00:00
6195.07,93.88,108.3,0.0,47.68,588.59,703.27,14.06,2024-12-16 02:00:00
7156.37,135.9,106.93,0.53,54.84,642.76,761.86,14.82,2024-12-16 03:00:00
6355.29,111.76,106.93,4.52,63.9,581.08,678.17,19.76,2024-12-16 04:00:00
6568.91,100.14,128.87,13.41,76.29,607.21,706.76,30.65,2024-12-16 05:00:00
6675.72,68.84,169.99,36.48,96.32,647.05,747.87,40.02,2024-12-16 06:00:00
3124.24,14.53,109.67,121.59,150.68,450.49,499.92,14.19,2024-12-16 07:00:00
2483.37,8.49,90.48,161.65,141.14,393.57,434.91,9.75,2024-12-16 08:00:00
2296.45,6.09,89.11,178.81,143.05,366.2,405.29,10.51,2024-12-16 09:00:00
2990.72,6.43,122.01,154.5,148.77,411.35,462.96,19.25,2024-12-16 10:00:00
4325.87,5.92,189.19,87.26,143.05,505.01,578.07,30.91,2024-12-16 11:00:00
5714.42,12.52,254.99,11.35,133.51,582.82,677.3,40.53,2024-12-16 12:00:00
7263.18,53.64,260.47,0.0,127.79,674.3,793.86,53.2,2024-12-16 13:00:00
8758.54,89.41,252.25,0.0,123.98,796.79,948.83,69.92,2024-12-16 14:00:00
10040.28,109.08,238.54,0.0,117.3,909.73,1093.36,81.06,2024-12-16 15:00:00
10894.78,119.81,230.31,0.0,112.53,1006.12,1212.12,85.12,2024-12-16 16:00:00
11642.46,128.75,222.09,0.0,119.21,1080.45,1301.44,86.13,2024-12-16 17:00:00
11428.83,126.96,216.6,0.0,127.79,1086.75,1309.66,86.13,2024-12-16 18:00:00
10574.34,111.76,205.64,0.0,120.16,1035.37,1247.13,71.94,2024-12-16 19:00:00
9719.85,93.88,194.67,0.0,84.88,992.7,1189.53,39.52,2024-12-16 20:00:00
8651.73,75.1,174.11,0.0,55.79,942.97,1117.28,17.73,2024-12-16 21:00:00
7370.0,53.2,148.06,0.0,41.01,868.3,995.49,11.27,2024-12-16 22:00:00
6462.1,40.68,130.24,0.0,39.1,823.55,914.1,11.53,2024-12-16 23:00:00
6248.47,41.13,123.38,0.0,45.78,821.06,895.83,14.44,2024-12-17 00:00:00
6729.13,59.01,123.38,0.0,58.65,864.19,933.63,19.0,2024-12-17 01:00:00
8010.86,105.5,128.87,0.0,61.99,959.27,1034.62,17.23,2024-12-17 02:00:00
9292.6,160.93,135.72,0.01,66.76,1036.29,1109.9,12.29,2024-12-17 03:00:00
8438.11,148.42,142.57,0.65,97.27,995.47,1054.39,4.37,2024-12-17 04:00:00
9185.79,164.51,163.14,3.84,96.32,1048.67,1122.86,10.51,2024-12-17 05:00:00
10147.09,159.14,219.35,12.52,107.77,1116.54,1205.07,19.25,2024-12-17 06:00:00
5714.42,80.47,238.54,33.97,312.81,853.6,913.27,0.22,2024-12-17 07:00:00
5340.58,61.69,257.73,42.56,339.51,809.93,868.85,0.38,2024-12-17 08:00:00
5233.76,46.04,276.92,43.99,366.21,804.49,865.21,0.8,2024-12-17 09:00:00
5661.01,41.13,307.08,29.68,370.03,859.57,930.88,6.27,2024-12-17 10:00:00
6835.94,56.33,339.98,8.4,331.88,973.61,1064.71,18.49,2024-12-17 11:00:00
7904.05,85.83,345.47,0.65,282.29,1050.01,1161.72,28.88,2024-12-17 12:00:00
8651.73,109.08,334.5,0.0,234.6,1102.42,1233.57,39.52,2024-12-17 13:00:00
8865.36,108.18,301.6,0.0,183.11,1118.15,1271.18,50.16,2024-12-17 14:00:00
8224.49,89.41,246.76,0.0,133.51,1065.23,1228.8,52.69,2024-12-17 15:00:00
7370.0,67.95,197.41,0.0,97.27,983.98,1141.33,45.6,2024-12-17 16:00:00
6675.72,54.54,160.4,0.0,79.15,912.19,1059.79,33.94,2024-12-17 17:00:00
5874.63,41.57,135.72,0.0,64.85,828.69,957.33,19.51,2024-12-17 18:00:00
4859.92,27.05,120.64,0.01,51.98,737.53,844.56,8.74,2024-12-17 19:00:00
4272.46,16.54,109.67,0.04,43.39,677.62,766.87,5.57,2024-12-17 20:00:00
3898.62,9.95,100.08,0.2,36.24,637.43,711.74,4.31,2024-12-17 21:00:00
3578.19,6.26,87.05,0.7,30.28,600.85,661.58,3.83,2024-12-17 22:00:00
3284.45,4.58,75.4,1.36,27.18,566.14,616.6,3.93,2024-12-17 23:00:00
3150.94,6.82,68.55,0.84,26.23,539.83,584.29,4.5,2024-12-18 00:00:00
3417.97,19.0,65.8,0.09,30.52,540.47,586.45,6.71,2024-12-18 01:00:00
4379.27,50.07,69.92,0.0,40.53,589.65,650.19,10.39,2024-12-18 02:00:00
5340.58,83.15,79.51,0.17,49.11,641.18,707.29,12.92,2024-12-18 03:00:00
5928.04,101.92,85.68,1.31,58.17,671.7,741.64,14.19,2024-12-18 04:00:00
6515.5,111.76,100.08,5.68,73.43,709.49,790.86,22.8,2024-12-18 05:00:00
6835.94,92.09,143.95,20.21,96.32,750.01,838.06,34.96,2024-12-18 06:00:00
3097.53,19.22,115.16,94.41,171.66,464.69,508.04,10.64,2024-12-18 07:00:00
2429.96,12.85,104.19,115.87,179.29,400.92,439.43,6.59,2024-12-18 08:00:00
2483.37,10.06,111.04,130.18,186.92,411.0,451.28,7.98,2024-12-18 09:00:00
2777.1,7.1,128.87,125.89,188.83,437.13,482.25,13.3,2024-12-18 10:00:00
3204.35,3.49,148.06,101.57,167.85,458.34,508.43,20.01,2024-12-18 11:00:00
3391.27,0.45,154.91,68.66,135.42,447.58,498.35,24.07,2024-12-18 12:00:00
4592.9,13.41,197.41,10.28,115.39,492.85,559.68,37.49,2024-12-18 13:00:00
6515.5,64.37,202.89,0.0,105.86,605.15,706.41,57.76,2024-12-18 14:00:00
7797.24,95.67,194.67,0.0,97.27,697.89,829.0,68.9,2024-12-18 15:00:00
8438.11,111.76,186.44,0.0,88.69,757.52,909.3,72.96,2024-12-18 16:00:00
8865.36,121.59,175.48,0.0,79.15,791.81,953.14,65.86,2024-12-18 17:00:00
8544.92,121.59,163.14,0.0,62.94,768.84,921.08,42.05,2024-12-18 18:00:00
7156.37,99.24,148.06,0.0,43.87,657.54,780.22,21.03,2024-12-18 19:00:00
5821.23,73.31,137.09,0.0,37.19,566.84,666.5,14.69,2024-12-18 20:00:00
5020.14,54.99,130.24,0.0,36.24,513.34,598.39,13.68,2024-12-18 21:00:00
4592.9,45.15,124.75,0.0,39.1,489.01,565.91,14.69,2024-12-18 22:00:00
4646.3,46.94,123.38,0.0,45.3,501.83,578.08,16.21,2024-12-18 23:00:00
5340.58,63.48,128.87,0.0,57.7,561.44,643.69,19.76,2024-12-19 00:00:00
7370.0,105.5,142.57,0.0,75.34,713.2,816.29,25.33,2024-12-19 01:00:00
10253.91,177.03,159.03,0.0,81.06,920.96,1056.71,24.83,2024-12-19 02:00:00
12817.38,250.34,175.48,0.33,82.97,1097.17,1251.54,22.8,2024-12-19 03:00:00
13565.06,257.49,200.15,2.77,81.06,1138.16,1284.68,25.59,2024-12-19 04:00:00
13244.63,202.06,249.51,10.91,83.92,1123.37,1257.78,38.0,2024-12-19 05:00:00
11749.27,107.29,304.34,37.19,92.51,1072.09,1187.2,37.49,2024-12-19 06:00:00
3044.13,11.96,104.19,125.89,139.24,426.8,458.18,1.87,2024-12-19 07:00:00
1789.09,5.7,62.38,155.93,109.67,285.16,304.4,1.63,2024-12-19 08:00:00
1348.5,3.86,52.78,161.65,100.14,240.67,256.87,2.6,2024-12-19 09:00:00
1628.88,4.02,75.4,137.33,108.72,251.2,272.89,8.99,2024-12-19 10:00:00
2456.67,3.3,122.01,90.12,114.44,293.16,325.94,18.75,2024-12-19 11:00:00
3311.16,1.05,171.36,35.05,107.77,331.39,374.99,26.35,2024-12-19 12:00:00
4379.27,13.97,205.64,1.86,102.04,379.69,441.05,36.48,2024-12-19 13:00:00
5447.39,40.23,200.15,0.0,98.23,447.87,533.04,49.65,2024-12-19 14:00:00
6195.07,54.54,191.93,0.0,96.32,516.76,622.48,59.78,2024-12-19 15:00:00
6355.29,56.77,174.11,0.0,86.78,557.81,674.7,62.32,2024-12-19 16:00:00
6088.26,49.17,153.54,0.0,75.34,569.81,687.55,57.76,2024-12-19 17:00:00
5393.98,37.55,132.98,0.0,59.13,544.42,652.67,44.58,2024-12-19 18:00:00
4539.49,24.81,113.79,0.01,43.87,496.17,585.65,27.11,2024-12-19 19:00:00
3898.62,15.42,100.08,0.08,36.72,465.03,540.39,17.48,2024-12-19 20:00:00
3471.37,8.27,89.11,0.58,33.86,449.08,514.05,11.91,2024-12-19 21:00:00
3337.86,5.98,83.63,0.84,33.38,457.46,518.15,9.12,2024-12-19 22:00:00
3524.78,10.06,79.51,0.2,32.42,483.82,546.82,7.98,2024-12-19 23:00:00
3791.81,17.43,78.14,0.03,33.38,515.01,580.82,7.98,2024-12-20 00:00:00
4432.68,35.76,79.51,0.0,40.05,569.65,646.64,11.15,2024-12-20 01:00:00
5874.63,78.68,87.74,0.0,54.36,670.26,768.68,16.97,2024-12-20 02:00:00
7156.37,125.17,101.45,0.41,66.76,750.84,863.32,20.01,2024-12-20 03:00:00
7476.81,130.53,113.79,3.08,78.2,749.85,861.44,25.59,2024-12-20 04:00:00
7476.81,111.76,137.09,10.46,94.41,745.34,859.74,39.52,2024-12-20 05:00:00
7263.18,72.42,175.48,30.4,114.44,746.22,861.58,43.06,2024-12-20 06:00:00
2803.8,21.46,124.75,77.25,219.35,371.95,421.67,14.82,2024-12-20 07:00:00
2243.04,14.75,108.3,95.84,202.18,318.2,362.62,12.54,2024-12-20 08:00:00
2136.23,9.61,100.08,110.15,186.92,305.35,351.2,13.55,2024-12-20 09:00:00
2243.04,6.59,102.82,101.57,167.85,295.85,344.32,17.99,2024-12-20 10:00:00
2643.59,4.08,124.75,69.38,146.87,308.7,362.94,24.07,2024-12-20 11:00:00
3017.43,1.65,146.69,24.32,123.98,311.91,370.06,28.12,2024-12-20 12:00:00
3284.45,10.39,145.32,1.32,113.49,312.84,373.98,32.42,2024-12-20 13:00:00
3364.56,21.01,127.49,0.04,108.72,317.2,381.86,35.97,2024-12-20 14:00:00
3231.05,19.22,117.9,0.07,93.46,315.77,381.25,34.96,2024-12-20 15:00:00
3044.13,12.63,108.3,0.31,74.39,313.63,379.14,31.41,2024-12-20 16:00:00
3044.13,10.62,100.08,0.45,61.04,318.28,385.75,26.6,2024-12-20 17:00:00
2883.91,10.28,90.48,0.4,49.59,308.73,373.51,17.99,2024-12-20 18:00:00
2456.67,7.6,78.83,0.59,37.67,281.54,336.21,9.88,2024-12-20 19:00:00
2056.12,3.27,68.55,1.99,29.09,258.93,303.53,6.33,2024-12-20 20:00:00
1789.09,1.48,59.63,4.38,25.03,247.31,284.2,5.07,2024-12-20 21:00:00
1642.23,0.84,53.47,7.06,23.13,246.01,277.95,4.43,2024-12-20 22:00:00
1588.82,0.68,50.04,8.67,22.41,251.65,280.71,4.18,2024-12-20 23:00:00
1615.52,1.15,50.04,7.15,23.6,264.41,292.74,4.24,2024-12-21 00:00:00
1842.5,5.36,54.15,2.53,27.42,287.13,319.13,5.51,2024-12-21 01:00:00
2429.96,22.8,56.21,0.05,33.38,327.74,369.69,7.85,2024-12-21 02:00:00
3070.83,47.83,55.52,0.7,37.67,365.09,416.53,8.99,2024-12-21 03:00:00
3524.78,66.16,55.52,3.98,42.44,391.11,448.37,12.41,2024-12-21 04:00:00
3898.62,70.63,64.43,9.39,53.41,411.93,474.11,22.04,2024-12-21 05:00:00
4005.43,58.11,86.37,21.64,71.53,423.14,486.01,27.61,2024-12-21 06:00:00
2216.34,20.56,78.83,62.94,109.67,266.39,302.38,17.48,2024-12-21 07:00:00
1922.61,13.75,73.34,86.55,111.58,244.11,276.55,15.83,2024-12-21 08:00:00
1815.8,9.95,72.66,97.27,112.53,241.89,274.05,16.47,2024-12-21 09:00:00
1869.2,7.15,76.09,92.98,102.04,236.35,269.64,17.99,2024-12-21 10:00:00
2189.64,4.69,95.96,64.37,87.74,246.74,285.41,21.79,2024-12-21 11:00:00
2616.88,1.65,124.75,23.96,79.15,260.85,305.49,25.84,2024-12-21 12:00:00
3097.53,7.6,132.98,2.3,74.39,281.7,334.14,31.66,2024-12-21 13:00:00
3524.78,18.33,122.01,0.1,71.53,309.37,372.84,38.5,2024-12-21 14:00:00
3791.81,23.02,111.04,0.02,66.76,334.44,408.01,42.05,2024-12-21 15:00:00
4005.43,26.82,105.56,0.01,62.94,360.24,442.05,43.06,2024-12-21 16:00:00
4272.46,33.97,101.45,0.0,57.7,389.92,480.94,42.56,2024-12-21 17:00:00
4165.65,36.66,95.96,0.0,46.73,387.96,478.93,31.16,2024-12-21 18:00:00
3631.59,31.74,89.11,0.0,34.81,353.27,434.0,17.73,2024-12-21 19:00:00
3284.45,25.93,82.94,0.0,30.28,335.02,408.38,12.79,2024-12-21 20:00:00
3097.53,22.8,78.83,0.0,29.33,329.55,398.37,11.15,2024-12-21 21:00:00
2964.02,21.23,74.71,0.0,29.33,327.95,393.16,10.39,2024-12-21 22:00:00
2937.32,21.23,71.97,0.0,29.09,329.9,392.46,9.37,2024-12-21 23:00:00
3017.43,25.03,70.6,0.0,29.56,341.41,403.68,8.99,2024-12-22 00:00:00
3524.78,39.79,71.29,0.0,33.86,376.69,445.18,11.15,2024-12-22 01:00:00
4806.52,82.25,74.71,0.0,43.39,464.94,553.11,16.97,2024-12-22 02:00:00
6568.91,143.05,80.2,0.33,50.54,568.18,679.72,21.53,2024-12-22 03:00:00
8224.49,193.12,91.85,2.21,56.27,666.84,795.37,31.16,2024-12-22 04:00:00
9399.41,203.85,131.61,6.44,69.62,751.75,889.89,45.09,2024-12-22 05:00:00
10040.28,153.78,216.6,18.95,84.88,818.68,955.13,46.1,2024-12-22 06:00:00
2056.12,16.76,94.59,86.55,125.89,251.03,279.48,6.78,2024-12-22 07:00:00
1241.68,6.59,57.58,117.3,87.74,180.64,198.64,2.98,2024-12-22 08:00:00
1081.47,4.25,49.35,128.75,82.02,169.55,185.54,2.56,2024-12-22 09:00:00
1134.87,3.02,56.21,121.59,91.55,178.61,195.59,3.48,2024-12-22 10:00:00
1401.9,1.82,78.14,94.41,109.67,206.9,227.78,5.95,2024-12-22 11:00:00
1695.63,0.28,97.33,65.09,115.39,240.66,266.2,8.49,2024-12-22 12:00:00
2376.56,0.34,130.24,27.18,106.81,282.26,318.48,16.72,2024-12-22 13:00:00
3231.05,8.83,149.43,1.63,88.69,329.76,382.22,29.13,2024-12-22 14:00:00
3791.81,21.23,139.83,0.03,71.53,363.98,428.48,38.0,2024-12-22 15:00:00
3791.81,22.13,126.12,0.02,55.79,370.59,439.64,39.01,2024-12-22 16:00:00
3364.56,15.2,115.16,0.15,46.73,357.17,421.47,32.93,2024-12-22 17:00:00
2803.8,5.31,105.56,2.86,40.53,328.67,380.81,22.04,2024-12-22 18:00:00
2189.64,0.2,85.0,20.03,34.81,294.27,332.35,11.91,2024-12-22 19:00:00
1842.5,0.0,65.8,38.98,35.29,276.83,306.65,9.12,2024-12-22 20:00:00
1575.47,0.0,50.72,52.93,36.72,263.73,288.1,7.66,2024-12-22 21:00:00
1375.2,0.0,41.81,63.66,39.58,250.3,271.15,6.78,2024-12-22 22:00:00
1401.9,0.0,41.81,57.94,35.29,254.8,276.36,7.6,2024-12-22 23:00:00
1495.36,0.0,45.24,48.64,33.86,261.52,285.01,8.49,2024-12-23 00:00:00
1789.09,0.15,58.95,31.83,39.1,275.13,302.58,11.4,2024-12-23 01:00:00
2536.77,8.27,85.0,5.05,51.02,311.41,349.83,19.0,2024-12-23 02:00:00
3524.78,41.13,91.85,0.25,65.8,355.86,406.54,26.85,2024-12-23 03:00:00
4219.06,66.16,97.33,1.21,77.25,384.93,446.55,32.93,2024-12-23 04:00:00
4486.08,73.31,102.82,2.68,89.65,384.68,454.77,35.97,2024-12-23 05:00:00
4005.43,59.9,105.56,4.6,104.9,345.97,408.47,32.42,2024-12-23 06:00:00
2216.34,17.66,108.3,11.18,133.51,236.83,266.08,16.97,2024-12-23 07:00:00
1815.8,10.28,106.93,11.62,131.61,206.11,226.44,13.81,2024-12-23 08:00:00
1562.12,3.91,102.82,15.91,129.7,185.35,201.26,12.16,2024-12-23 09:00:00
1241.68,0.4,89.11,43.27,122.07,159.92,173.15,9.63,2024-12-23 10:00:00
1415.25,0.28,97.33,35.76,127.79,191.8,209.15,11.91,2024-12-23 11:00:00
1668.93,0.76,104.19,17.17,120.16,226.34,248.5,14.95,2024-12-23 12:00:00
1789.09,2.37,97.33,6.97,102.04,235.25,260.25,18.49,2024-12-23 13:00:00
1789.09,2.93,89.11,5.28,88.69,214.59,241.96,22.29,2024-12-23 14:00:00
1708.98,2.12,85.0,6.79,82.02,185.63,214.55,23.56,2024-12-23 15:00:00
1628.88,1.13,80.2,10.37,69.62,163.91,194.42,22.29,2024-12-23 16:00:00
1655.58,0.98,77.46,11.18,56.74,157.19,190.5,19.51,2024-12-23 17:00:00
1588.82,0.74,75.4,12.52,47.68,149.54,181.49,13.81,2024-12-23 18:00:00
1495.36,0.56,73.34,13.05,37.19,143.0,171.07,8.23,2024-12-23 19:00:00
1588.82,0.85,73.34,9.57,31.47,151.23,180.6,6.52,2024-12-23 20:00:00
1708.98,1.4,72.66,6.35,29.8,164.19,196.0,6.14,2024-12-23 21:00:00
1842.5,2.37,71.97,3.67,31.47,179.9,215.08,6.21,2024-12-23 22:00:00
1869.2,3.1,69.92,2.68,35.76,188.01,222.75,6.59,2024-12-23 23:00:00
1815.8,3.55,68.55,2.5,43.87,187.22,219.14,7.98,2024-12-24 00:00:00
1815.8,5.76,67.86,2.06,61.99,183.35,211.29,10.26,2024-12-24 01:00:00
2189.64,19.22,69.23,0.12,78.2,198.7,228.52,12.92,2024-12-24 02:00:00
2483.37,32.19,72.66,0.22,87.74,203.81,234.24,12.92,2024-12-24 03:00:00
2403.26,29.5,76.77,3.08,87.74,183.96,216.26,13.81,2024-12-24 04:00:00
2269.74,27.49,76.09,11.98,92.51,167.51,202.64,17.73,2024-12-24 05:00:00
2109.53,27.72,74.03,23.25,104.9,154.06,188.78,20.27,2024-12-24 06:00:00
1255.04,14.98,69.23,53.64,122.07,93.9,113.0,12.16,2024-12-24 07:00:00
1054.76,12.96,74.03,61.51,133.51,82.28,97.32,9.5,2024-12-24 08:00:00
974.66,12.07,82.94,60.08,144.96,77.81,90.96,8.36,2024-12-24 09:00:00
1188.28,13.97,102.82,46.49,156.4,87.36,103.33,11.4,2024-12-24 10:00:00
1762.39,23.69,139.83,18.42,167.85,115.83,140.25,17.99,2024-12-24 11:00:00
2323.15,40.68,167.25,1.7,162.12,142.59,174.69,22.55,2024-12-24 12:00:00
3524.78,79.57,178.22,0.0,137.33,198.79,248.28,28.88,2024-12-24 13:00:00
5233.76,126.96,180.96,0.0,111.58,301.31,380.39,33.94,2024-12-24 14:00:00
6515.5,160.93,175.48,0.0,96.32,403.64,507.22,29.13,2024-12-24 15:00:00
7476.81,178.81,169.99,0.0,81.06,484.97,606.48,23.05,2024-12-24 16:00:00
8651.73,205.64,169.99,0.0,75.34,588.44,730.73,20.01,2024-12-24 17:00:00
9826.66,232.46,178.22,0.0,72.48,684.33,847.31,18.49,2024-12-24 18:00:00
9719.85,221.73,178.22,0.0,61.99,686.89,860.96,16.97,2024-12-24 19:00:00
8758.54,187.75,165.88,0.0,52.45,635.34,807.31,15.71,2024-12-24 20:00:00
7476.81,146.63,143.95,0.0,43.39,553.17,706.2,12.92,2024-12-24 21:00:00
5767.82,105.5,113.79,0.0,35.29,443.75,564.68,9.25,2024-12-24 22:00:00
4325.87,72.42,83.63,0.0,29.56,344.02,432.01,6.84,2024-12-24 23:00:00
3337.86,52.75,63.06,0.0,28.37,276.69,338.45,5.89,2024-12-25 00:00:00
2937.32,46.49,52.78,0.0,32.42,245.17,294.28,7.03,2024-12-25 01:00:00
3471.37,65.27,51.41,0.0,41.48,269.25,319.66,9.75,2024-12-25 02:00:00
4058.84,91.2,51.41,0.27,48.16,299.1,351.31,11.02,2024-12-25 03:00:00
4486.08,106.39,54.84,1.9,55.79,327.45,387.73,12.03,2024-12-25 04:00:00
5073.55,113.55,66.49,5.45,66.76,370.3,444.26,18.75,2024-12-25 05:00:00
5340.58,93.88,98.71,15.02,78.2,408.19,492.46,28.37,2024-12-25 06:00:00
2296.45,19.67,78.14,67.95,105.86,219.85,257.84,14.95,2024-12-25 07:00:00
1628.88,9.39,60.32,98.71,91.55,175.15,205.59,11.53,2024-12-25 08:00:00
1468.66,6.54,56.21,110.15,92.51,169.01,198.05,11.53,2024-12-25 09:00:00
1588.82,5.76,66.49,97.27,97.27,171.16,201.54,14.95,2024-12-25 10:00:00
2002.72,4.86,93.22,61.51,98.23,185.41,220.91,20.52,2024-12-25 11:00:00
2429.96,2.57,124.75,20.21,91.55,193.66,233.84,24.83,2024-12-25 12:00:00
3311.16,24.36,134.35,0.5,82.97,228.28,281.99,33.94,2024-12-25 13:00:00
4592.9,58.11,127.49,0.0,75.34,299.48,379.75,44.08,2024-12-25 14:00:00
5393.98,72.42,122.01,0.0,69.62,356.69,459.32,41.04,2024-12-25 15:00:00
5714.42,74.21,113.79,0.0,63.9,392.96,506.83,32.93,2024-12-25 16:00:00
5661.01,71.53,104.19,0.0,57.22,404.84,519.69,25.08,2024-12-25 17:00:00
5073.55,62.58,93.22,0.0,46.25,378.45,481.2,15.58,2024-12-25 18:00:00
4165.65,50.51,79.51,0.0,33.38,326.92,410.13,8.49,2024-12-25 19:00:00
3685.0,42.92,69.23,0.0,27.89,301.75,372.91,6.52,2024-12-25 20:00:00
3311.16,36.21,63.75,0.0,25.99,283.81,346.64,5.57,2024-12-25 21:00:00
3017.43,30.85,58.95,0.0,25.27,269.55,325.88,5.38,2024-12-25 22:00:00
2803.8,27.49,54.84,0.0,25.27,258.21,308.95,5.26,2024-12-25 23:00:00
2750.4,29.5,52.09,0.0,26.46,257.93,305.92,5.57,2024-12-26 00:00:00
3097.53,42.47,50.72,0.0,31.95,286.01,338.69,7.79,2024-12-26 01:00:00
4219.06,79.57,52.09,0.0,43.39,357.82,429.15,10.89,2024-12-26 02:00:00
5447.39,125.17,55.52,0.31,52.93,430.7,519.73,12.03,2024-12-26 03:00:00
6248.47,150.2,65.8,2.48,63.9,481.1,577.71,16.21,2024-12-26 04:00:00
6835.94,143.05,100.08,8.49,81.06,529.36,634.55,29.89,2024-12-26 05:00:00
7156.37,100.14,168.62,27.54,102.04,587.65,696.67,39.52,2024-12-26 06:00:00
3898.62,37.1,152.17,67.23,200.27,376.54,436.67,26.85,2024-12-26 07:00:00
3738.4,29.06,172.73,87.98,244.14,389.64,447.85,26.6,2024-12-26 08:00:00
3845.21,25.93,205.64,90.84,289.92,396.4,456.76,25.08,2024-12-26 09:00:00
4699.71,36.66,252.25,50.78,289.92,431.8,504.38,31.16,2024-12-26 10:00:00
6462.1,76.0,298.86,10.82,247.96,526.58,624.43,44.08,2024-12-26 11:00:00
8331.3,143.05,309.82,0.63,219.35,610.46,734.41,59.28,2024-12-26 12:00:00
10360.72,211.0,320.79,0.0,232.7,714.96,874.25,85.12,2024-12-26 13:00:00
12176.51,250.34,320.79,0.0,213.62,849.35,1051.42,101.33,2024-12-26 14:00:00
13244.63,253.92,301.6,0.0,167.85,959.81,1195.24,102.34,2024-12-26 15:00:00
13458.25,239.61,274.18,0.0,133.51,1014.53,1266.51,96.26,2024-12-26 16:00:00
13031.01,211.0,246.76,0.0,110.63,1015.62,1278.49,84.1,2024-12-26 17:00:00
11428.83,166.3,208.38,0.0,85.83,924.01,1179.13,57.25,2024-12-26 18:00:00
9292.6,121.59,169.99,0.0,61.04,794.22,1019.38,31.16,2024-12-26 19:00:00
7476.81,82.25,138.46,0.0,45.78,685.86,873.66,17.48,2024-12-26 20:00:00
5661.01,46.49,108.3,0.0,36.24,582.95,727.73,10.39,2024-12-26 21:00:00
4112.24,16.54,87.74,0.18,35.76,490.4,580.91,7.35,2024-12-26 22:00:00
3364.56,3.55,77.46,3.0,37.19,440.82,499.56,6.52,2024-12-26 23:00:00
3070.83,0.87,72.66,9.12,40.53,412.02,456.32,6.65,2024-12-27 00:00:00
3070.83,2.91,75.4,7.06,58.17,395.45,435.53,8.49,2024-12-27 01:00:00
3631.59,23.02,80.88,0.13,80.11,401.2,447.76,12.67,2024-12-27 02:00:00
4272.46,55.88,81.57,0.09,98.23,405.31,456.97,14.19,2024-12-27 03:00:00
4325.87,68.84,84.31,0.55,106.81,373.68,423.43,13.68,2024-12-27 04:00:00
3845.21,55.88,84.31,1.61,103.0,313.08,358.52,12.92,2024-12-27 05:00:00
2803.8,30.85,78.83,4.6,91.55,222.96,258.47,11.15,2024-12-27 06:00:00
1602.17,5.98,74.03,13.23,93.46,111.94,131.26,8.36,2024-12-27 07:00:00
1335.14,3.27,73.34,16.63,99.18,77.49,92.14,7.85,2024-12-27 08:00:00
1241.68,2.91,74.71,14.13,102.04,63.39,76.51,7.66,2024-12-27 09:00:00
1201.63,2.4,77.46,10.19,104.9,58.03,70.81,7.22,2024-12-27 10:00:00
1255.04,2.91,79.51,7.06,101.09,61.08,73.85,6.4,2024-12-27 11:00:00
1335.14,3.21,80.2,5.9,89.65,67.28,79.55,5.83,2024-12-27 12:00:00
1335.14,1.13,74.71,13.95,73.43,66.92,79.39,5.89,2024-12-27 13:00:00
1308.44,0.22,67.86,23.96,69.62,64.67,78.89,6.46,2024-12-27 14:00:00
1281.74,0.14,65.8,25.75,70.57,64.1,79.41,6.65,2024-12-27 15:00:00
1161.58,0.06,58.95,31.47,58.17,56.27,71.35,6.21,2024-12-27 16:00:00
1068.12,0.02,51.41,38.27,48.64,49.79,64.88,5.76,2024-12-27 17:00:00
974.66,0.01,46.61,42.92,43.87,41.61,54.5,4.69,2024-12-27 18:00:00
821.11,0.0,40.1,50.07,38.15,31.54,41.11,3.42,2024-12-27 19:00:00
687.6,0.0,30.16,60.08,30.99,26.54,33.97,2.85,2024-12-27 20:00:00
620.84,0.0,24.68,65.09,26.94,26.62,32.94,2.82,2024-12-27 21:00:00
607.49,0.0,24.33,65.8,27.18,30.25,36.15,2.85,2024-12-27 22:00:00
620.84,0.0,25.7,62.23,27.66,34.7,40.5,2.98,2024-12-27 23:00:00
647.54,0.0,28.1,57.94,27.89,38.8,44.72,3.29,2024-12-28 00:00:00
821.11,0.01,36.33,47.21,32.42,48.47,57.05,4.12,2024-12-28 01:00:00
1401.9,1.68,64.43,16.99,41.48,79.04,97.04,6.21,2024-12-28 02:00:00
2216.34,22.8,80.88,0.56,49.11,120.5,150.66,8.11,2024-12-28 03:00:00
2857.21,46.94,78.83,1.7,50.54,155.3,194.24,9.25,2024-12-28 04:00:00
3231.05,58.11,77.46,1.9,55.31,181.11,224.81,10.13,2024-12-28 05:00:00
3124.24,54.54,77.46,1.02,65.8,180.08,220.52,10.64,2024-12-28 06:00:00
1789.09,18.1,69.92,2.73,65.8,108.36,129.12,7.73,2024-12-28 07:00:00
1428.6,8.05,62.38,4.29,55.79,85.28,101.82,7.22,2024-12-28 08:00:00
1415.25,6.93,61.69,3.8,55.79,80.1,96.66,8.04,2024-12-28 09:00:00
1415.25,8.38,58.26,8.94,55.31,77.82,96.71,8.74,2024-12-28 10:00:00
1522.06,11.18,61.69,9.48,56.27,85.08,107.73,9.12,2024-12-28 11:00:00
1695.63,15.2,69.92,1.83,58.65,95.66,121.85,9.37,2024-12-28 12:00:00
2269.74,34.87,75.4,0.01,57.22,129.78,166.0,10.77,2024-12-28 13:00:00
3097.53,55.43,76.77,0.0,52.93,184.56,238.02,11.91,2024-12-28 14:00:00
3685.0,63.48,73.34,0.0,48.16,226.67,295.92,12.03,2024-12-28 15:00:00
3898.62,63.48,67.17,0.0,43.39,248.86,326.49,11.02,2024-12-28 16:00:00
3791.81,59.01,59.63,0.0,38.15,249.11,327.61,8.99,2024-12-28 17:00:00
3257.75,49.17,52.09,0.0,31.47,218.35,283.6,5.83,2024-12-28 18:00:00
2403.26,33.97,48.67,0.0,27.89,170.13,209.06,3.26,2024-12-28 19:00:00
1842.5,23.25,48.67,0.0,25.75,143.06,166.55,2.72,2024-12-28 20:00:00
1535.42,15.87,45.93,0.01,23.13,126.07,141.86,2.79,2024-12-28 21:00:00
1375.2,10.06,42.16,0.09,20.98,112.76,124.67,3.04,2024-12-28 22:00:00
1308.44,7.04,39.07,0.26,20.5,104.43,114.45,3.29,2024-12-28 23:00:00
1321.79,6.93,37.36,0.31,21.7,101.33,110.54,3.61,2024-12-29 00:00:00
1468.66,10.84,36.67,0.15,25.75,107.12,118.33,4.81,2024-12-29 01:00:00
1789.09,20.79,38.04,0.02,33.38,122.43,139.82,7.03,2024-12-29 02:00:00
1949.31,27.27,40.44,0.18,41.01,127.4,148.76,7.79,2024-12-29 03:00:00
1655.58,20.79,44.55,3.22,53.88,115.72,136.91,6.33,2024-12-29 04:00:00
1588.82,23.47,41.81,12.34,63.9,117.33,140.49,6.46,2024-12-29 05:00:00
1562.12,23.69,41.81,25.75,70.57,122.02,145.98,7.35,2024-12-29 06:00:00
1361.85,14.98,38.73,52.21,61.04,111.98,131.79,6.4,2024-12-29 07:00:00
1134.87,7.6,31.53,80.82,47.68,101.53,116.68,5.38,2024-12-29 08:00:00
1014.71,4.81,27.42,97.27,43.39,103.97,117.15,5.26,2024-12-29 09:00:00
1054.76,3.97,30.85,98.71,42.44,109.38,122.92,6.97,2024-12-29 10:00:00
1268.39,3.44,45.93,80.11,43.87,121.43,138.02,10.13,2024-12-29 11:00:00
1508.71,0.89,65.8,50.78,42.92,126.78,146.22,11.91,2024-12-29 12:00:00
1708.98,0.04,74.71,33.26,42.44,134.48,157.69,12.79,2024-12-29 13:00:00
1762.39,0.04,67.86,32.9,40.05,141.23,167.64,12.41,2024-12-29 14:00:00
1668.93,0.02,56.89,37.19,34.33,137.79,164.58,10.64,2024-12-29 15:00:00
1535.42,0.01,47.98,40.41,30.04,125.82,150.75,8.49,2024-12-29 16:00:00
1401.9,0.01,41.81,42.56,27.66,111.29,133.89,6.78,2024-12-29 17:00:00
1201.63,0.0,34.96,46.49,23.84,91.67,109.57,4.88,2024-12-29 18:00:00
961.3,0.0,27.76,51.5,20.5,72.55,84.93,3.8,2024-12-29 19:00:00
907.9,0.0,26.73,50.78,23.6,68.18,79.04,4.05,2024-12-29 20:00:00
881.2,0.0,26.39,48.64,25.27,69.1,79.64,4.24,2024-12-29 21:00:00
881.2,0.0,26.73,46.49,26.23,73.41,84.11,4.24,2024-12-29 22:00:00
921.25,0.01,27.76,45.42,27.66,81.95,92.73,4.18,2024-12-29 23:00:00
1001.36,0.01,30.85,44.7,30.52,96.3,107.08,4.24,2024-12-30 00:00:00
921.25,0.0,18.85,53.64,12.76,92.15,109.28,4.05,2024-12-30 01:00:00
1121.52,0.0,25.02,49.35,15.97,111.97,136.38,5.19,2024-12-30 02:00:00
1268.39,0.06,30.16,44.35,18.6,126.27,154.36,5.83,2024-12-30 03:00:00
1295.09,0.71,29.82,48.64,22.17,134.5,163.81,5.76,2024-12-30 04:00:00
1281.74,2.85,25.71,59.37,25.03,140.08,170.99,6.02,2024-12-30 05:00:00
1214.98,3.69,20.91,83.69,26.23,147.13,176.29,6.52,2024-12-30 06:00:00
1108.17,2.12,14.22,127.32,24.32,153.91,177.84,5.76,2024-12-30 07:00:00
1081.47,1.33,11.31,151.63,21.7,163.86,186.5,6.27,2024-12-30 08:00:00
1081.47,1.02,10.88,161.65,20.27,168.43,190.85,7.35,2024-12-30 09:00:00
1188.28,1.2,16.45,148.77,19.55,171.34,197.83,9.88,2024-12-30 10:00:00
1428.6,1.15,29.13,120.16,19.07,183.09,217.91,12.67,2024-12-30 11:00:00
1682.28,0.24,43.87,88.69,19.07,194.41,236.38,12.29,2024-12-30 12:00:00
1895.91,0.0,54.15,65.09,18.6,207.14,259.01,10.51,2024-12-30 13:00:00
2056.12,0.0,59.63,49.35,18.36,224.09,289.52,9.5,2024-12-30 14:00:00
2162.93,0.01,58.95,40.05,17.64,237.89,312.69,8.36,2024-12-30 15:00:00
2216.34,0.02,57.58,33.62,16.93,249.78,328.36,7.6,2024-12-30 16:00:00
2189.64,0.03,54.84,29.33,15.74,256.24,335.87,7.03,2024-12-30 17:00:00
2029.42,0.04,50.04,28.25,12.52,248.35,318.73,5.64,2024-12-30 18:00:00
1762.39,0.02,41.81,30.4,9.54,232.72,285.05,4.12,2024-12-30 19:00:00
1562.12,0.01,33.93,34.69,8.58,222.75,263.21,3.58,2024-12-30 20:00:00
1415.25,0.0,27.76,40.05,8.35,218.71,251.83,3.26,2024-12-30 21:00:00
1348.5,0.0,23.65,43.27,7.99,217.01,246.59,3.17,2024-12-30 22:00:00
1348.5,0.0,23.31,40.77,8.23,219.69,249.27,3.26,2024-12-30 23:00:00
1401.9,0.01,25.71,36.84,9.3,224.82,257.01,3.71,2024-12-31 00:00:00
1535.42,0.06,31.53,30.04,11.68,234.45,275.43,4.75,2024-12-31 01:00:00
1869.2,0.52,45.24,18.06,16.21,253.9,309.79,6.21,2024-12-31 02:00:00
2216.34,2.21,57.58,8.58,21.22,271.03,329.6,7.22,2024-12-31 03:00:00
2510.07,6.48,64.43,6.88,30.52,290.59,347.53,7.85,2024-12-31 04:00:00
2696.99,13.64,63.75,14.13,38.62,307.13,374.77,7.47,2024-12-31 05:00:00
2616.88,15.42,63.06,27.18,46.25,308.79,382.14,7.73,2024-12-31 06:00:00
1655.58,5.76,43.18,97.28,51.98,223.09,273.39,3.74,2024-12-31 07:00:00
1388.55,3.91,33.93,127.32,47.68,200.93,245.17,3.01,2024-12-31 08:00:00
1335.14,3.1,31.87,144.48,47.68,204.54,247.62,3.42,2024-12-31 09:00:00
1588.82,3.55,41.13,127.32,40.05,220.82,273.45,7.98,2024-12-31 10:00:00
2136.23,3.74,65.8,82.25,32.42,251.49,325.07,12.79,2024-12-31 11:00:00
2723.69,1.48,98.71,33.62,30.52,276.56,369.46,15.2,2024-12-31 12:00:00
3150.94,4.86,117.9,4.34,32.42,296.7,412.78,20.52,2024-12-31 13:00:00
3391.27,14.98,112.41,0.24,32.9,318.29,460.44,24.07,2024-12-31 14:00:00
3471.38,20.79,101.45,0.02,30.99,338.08,498.63,25.08,2024-12-31 15:00:00
3524.78,24.81,87.74,0.0,27.9,354.64,524.26,22.55,2024-12-31 16:00:00
3524.78,28.39,74.71,0.0,23.6,366.16,535.66,17.73,2024-12-31 17:00:00
3284.45,27.72,63.06,0.0,17.17,353.17,503.93,11.91,2024-12-31 18:00:00
2857.21,23.02,54.84,0.0,11.56,326.86,441.42,7.54,2024-12-31 19:00:00
2510.07,16.32,48.67,0.01,9.42,306.05,392.9,5.89,2024-12-31 20:00:00
2189.64,9.39,45.93,0.22,8.23,291.87,358.58,4.94,2024-12-31 21:00:00
1895.91,1.77,43.53,5.54,7.51,277.96,327.91,4.12,2024-12-31 22:00:00
1735.69,0.15,37.01,16.81,7.57,273.34,313.62,3.58,2024-12-31 23:00:00
1695.63,0.05,33.24,23.96,8.23,274.43,310.18,3.48,2025-01-01 00:00:00
1735.69,0.07,33.24,26.11,10.01,277.13,312.52,4.12,2025-01-01 01:00:00
1922.61,0.29,40.44,20.03,13.35,288.22,329.2,5.26,2025-01-01 02:00:00
2029.42,1.7,45.24,19.49,16.21,290.97,335.22,5.51,2025-01-01 03:00:00
1895.91,5.42,37.7,39.7,20.27,279.7,322.67,4.94,2025-01-01 04:00:00
1789.09,7.15,31.87,57.22,21.94,273.0,318.75,5.0,2025-01-01 05:00:00
1588.82,5.81,27.42,81.54,21.94,265.22,309.0,5.19,2025-01-01 06:00:00
1201.63,2.43,16.79,133.04,20.5,226.83,258.85,1.06,2025-01-01 07:00:00
1094.82,1.45,12.51,154.5,18.84,217.51,245.92,1.05,2025-01-01 08:00:00
1041.41,1.08,11.65,163.08,18.36,217.73,245.45,1.6,2025-01-01 09:00:00
1054.76,0.96,14.4,158.79,18.6,220.64,250.1,2.98,2025-01-01 10:00:00
1161.58,0.77,21.59,141.62,19.55,225.73,258.45,5.51,2025-01-01 11:00:00
1268.39,0.18,29.47,121.59,20.27,229.65,264.81,7.41,2025-01-01 12:00:00
1348.5,0.0,33.24,105.86,19.07,235.59,274.82,8.11,2025-01-01 13:00:00
1415.25,0.0,34.96,95.84,17.88,245.45,290.62,8.23,2025-01-01 14:00:00
1455.31,0.0,33.59,90.84,16.93,256.23,304.31,7.09,2025-01-01 15:00:00
1468.66,0.0,31.87,87.98,16.69,268.64,316.95,5.57,2025-01-01 16:00:00
1441.96,0.0,29.82,85.83,15.5,274.55,321.0,4.43,2025-01-01 17:00:00
1335.14,0.0,25.71,83.69,12.88,272.2,311.67,3.23,2025-01-01 18:00:00
1228.33,0.0,21.42,82.25,10.61,267.61,296.95,2.44,2025-01-01 19:00:00
1188.28,0.0,18.17,80.82,10.01,267.49,291.94,2.19,2025-01-01 20:00:00
1188.28,0.0,16.28,78.68,9.78,268.54,290.96,2.06,2025-01-01 21:00:00
1188.28,0.0,15.08,76.53,9.54,271.77,293.31,2.01,2025-01-01 22:00:00
1214.98,0.0,14.74,73.67,9.89,278.13,299.44,2.0,2025-01-01 23:00:00
1268.39,0.0,15.94,70.1,11.09,288.21,310.16,2.06,2025-01-02 00:00:00
1348.5,0.0,19.19,65.8,12.99,300.8,326.36,2.53,2025-01-02 01:00:00
1522.06,0.0,25.36,57.94,15.26,313.5,346.8,3.52,2025-01-02 02:00:00
1628.88,0.63,30.85,52.21,16.45,316.61,354.92,4.24,2025-01-02 03:00:00
1655.58,3.55,28.79,57.22,18.84,309.58,349.05,5.19,2025-01-02 04:00:00
1602.17,4.75,25.36,72.96,21.22,295.63,335.1,6.52,2025-01-02 05:00:00
1428.6,3.69,21.25,101.57,22.41,273.64,308.8,6.71,2025-01-02 06:00:00
1255.04,2.4,17.14,134.47,23.13,250.67,280.13,6.08,2025-01-02 07:00:00
1201.63,1.84,15.42,154.5,22.89,239.53,267.48,7.03,2025-01-02 08:00:00
